0,我,右,秦先生，久仰您的大名，今日能得见真容，实乃三生有幸。我对您的数学成就极为钦佩，尤其是您的“正负开方术”，对后世影响深远。今日特来请教，不知秦先生可愿分享一些您在研究数学过程中的趣事或心得？,1
1,秦九韶,左,阁下过奖了。数学之道，博大精深，我所取得的成就不过是沧海一粟。既然阁下对此感兴趣，我便说说我年少时的一段经历吧。,2
2,我,右,愿闻其详。,3
3,秦九韶,左,我年少时便对数学产生了浓厚的兴趣。那时，我常常独自一人沉浸在算筹之中，探索其中的奥秘。有一日，我遇到了一个极为复杂的数学问题，连续数日苦思冥想，却始终找不到解决之道。,4
4,我,右,那后来您是如何解决这个问题的呢？,5
5,秦九韶,左,就在我心灰意冷之际，我无意间读到了一本古籍，其中记载了一种古老的算法。我受此启发，尝试将问题拆解成若干个小部分，逐一解决。,6
6,秦九韶,左,没想到，这一尝试竟然让我找到了解题的关键。自那以后，我便明白了数学中的一个重要原则——化繁为简。,7
7,我,右,化繁为简，确实是数学中的一大智慧。通过拆分问题，我们可以更清晰地看到问题的本质，从而找到解决之道。,8
8,秦九韶,左,正是如此。数学之美，便在于这种化繁为简的智慧。它不仅能够帮助我们解决问题，还能够锻炼我们的思维能力。,9
9,我,右,秦先生所言极是。数学不仅是一门学科，更是一种思维方式。它能够帮助我们更好地理解世界，发现其中的规律与奥秘。,10
10,秦九韶,左,阁下所言极是。数学之道，无处不在。无论是天文地理，还是人事物情，都蕴含着数学的智慧。只要我们用心去探索，便能够发现其中的奥妙。,11
11,我,右,秦先生，除了‘正负开方术’之外，您在数学领域还有哪些重要的贡献呢？,12
12,秦九韶,左,我所取得的成就微不足道。不过，我在研究数学的过程中，确实积累了一些心得和经验。我认为，数学研究需要耐心和毅力，更需要一颗不断探索的心。只有不断地尝试、不断地创新，才能在数学领域中取得突破。,13
13,我,右,先生的教诲，我一定会铭记在心。数学之路虽然艰难，但只要有您的指引和鼓励，我相信我一定能够走得更远。,14
14,秦九韶,左,年轻人有志气，我很欣慰。愿你在数学的道路上一路前行，不断探索、不断创新。,15
