0,我,右,赵先生，久仰您的大名，今日能有机会与您对话，实属荣幸。我对您的数学成就极为钦佩，尤其是您在勾股定理研究方面的贡献，实在令人叹为观止。,1
1,赵爽,左,过奖了，不过是些微末之技，承蒙抬爱。吾虽有所成就，但数学之道，博大精深，吾所窥见者，亦不过是冰山一角。,2
2,我,右,赵先生谦虚了。我听说您在证明勾股定理时，采用了独特的方法，能否详细说说？,3
3,赵爽,左,吾在证明勾股定理时，采用了图形割补法。首先，我构造了一个直角三角形，然后以其三边为边长，向外作正方形。通过图形的割补变化，我证明了以斜边为边长的正方形的面积，等于以两直角边为边长的正方形面积之和。此法虽不复杂，但却直观易懂，有助于人们深入理解勾股定理的本质。,4
4,我,右,真是妙哉！赵先生的证明方法不仅直观易懂，而且充满了创新。我对数学一直有着浓厚的兴趣，但总觉得其深奥难懂。今日听您一席话，顿觉数学之美妙，令人陶醉。,5
5,赵爽,左,数学之道，确实奥妙无穷。但只要我们用心去探索，去实践，便能发现其中的乐趣与智慧。吾在研究数学时，也曾遇到过许多困难与挫折，但正是这些困难与挫折，激发了我更加深入地研究数学的动力。,6
6,我,右,赵先生所言极是。我也曾试图深入研究数学，但往往半途而废。今日听了您的故事与心得，我深感惭愧。请问赵先生，您在数学研究过程中，有没有遇到过特别困难的问题？又是如何克服的呢？,7
7,赵爽,左,吾在研究数学时，确实遇到过不少困难。但每一次遇到困难，我都会静下心来，仔细分析问题的本质，寻找解决问题的方法。有时候，我会反复推敲，甚至彻夜难眠；有时候，我会与他人交流讨论，互相启发。总之，吾认为克服困难的关键在于坚持与努力，以及不断地尝试与探索。,8
8,我,右,赵先生的坚持与努力，实在令人敬佩。我也将以此为榜样，更加努力地研究数学。此外，我还听说赵先生在数学教育方面也有着卓越的贡献，能否请您谈谈这方面的心得？,9
9,赵爽,左,数学教育乃吾之另一大兴趣所在。吾认为，数学教育不仅要传授数学知识，更要培养学生的数学思维与创新能力。因此，在教授数学时，我注重启发学生的思维，引导他们自主发现问题、解决问题。同时，我也鼓励学生多参与数学实践活动，通过实际操作来加深对数学知识的理解与掌握。,10
10,我,右,赵先生的教育理念实在令人钦佩。我也认为，数学教育应该注重培养学生的思维与能力，而不仅仅是传授知识。今日与赵先生的对话，让我受益匪浅。再次感谢您的悉心解答与分享。,11
11,赵爽,左,吾亦觉与阁下的对话甚为愉快，希望日后还能有更多机会共同探讨数学之道。祝阁下在数学研究的道路上越走越远，取得更加辉煌的成就。,12
12,我,右,定当如此。再次感谢赵先生的教诲与鼓励，我将告辞了。,13
13,赵爽,左,不送，期待下次再会。,14
